{
	"IcoMoonType": "selection",
	"icons": [
		{
			"icon": {
				"paths": [
					"M135.429 808h132v-396.571h-132v396.571zM276 289.143q-0.571-29.714-20.571-49.143t-53.143-19.429-54 19.429-20.857 49.143q0 29.143 20.286 48.857t52.857 19.714h0.571q33.714 0 54.286-19.714t20.571-48.857zM610.286 808h132v-227.429q0-88-41.714-133.143t-110.286-45.143q-77.714 0-119.429 66.857h1.143v-57.714h-132q1.714 37.714 0 396.571h132v-221.714q0-21.714 4-32 8.571-20 25.714-34t42.286-14q66.286 0 66.286 89.714v212zM877.714 237.714v548.571q0 68-48.286 116.286t-116.286 48.286h-548.571q-68 0-116.286-48.286t-48.286-116.286v-548.571q0-68 48.286-116.286t116.286-48.286h548.571q68 0 116.286 48.286t48.286 116.286z"
				],
				"width": 877.7129821777344,
				"attrs": [],
				"isMulticolor": false,
				"tags": [
					"linkedin-square"
				],
				"defaultCode": 61580,
				"grid": 14
			},
			"attrs": [],
			"properties": {
				"name": "linkedin-square",
				"id": 132,
				"order": 12,
				"prevSize": 28,
				"code": 61580
			},
			"setIdx": 0,
			"setId": 2,
			"iconIdx": 132
		},
		{
			"icon": {
				"paths": [
					"M925.714 233.143q-38.286 56-92.571 95.429 0.571 8 0.571 24 0 74.286-21.714 148.286t-66 142-105.429 120.286-147.429 83.429-184.571 31.143q-154.857 0-283.429-82.857 20 2.286 44.571 2.286 128.571 0 229.143-78.857-60-1.143-107.429-36.857t-65.143-91.143q18.857 2.857 34.857 2.857 24.571 0 48.571-6.286-64-13.143-106-63.714t-42-117.429v-2.286q38.857 21.714 83.429 23.429-37.714-25.143-60-65.714t-22.286-88q0-50.286 25.143-93.143 69.143 85.143 168.286 136.286t212.286 56.857q-4.571-21.714-4.571-42.286 0-76.571 54-130.571t130.571-54q80 0 134.857 58.286 62.286-12 117.143-44.571-21.143 65.714-81.143 101.714 53.143-5.714 106.286-28.571z"
				],
				"width": 950.8560180664062,
				"attrs": [],
				"isMulticolor": false,
				"tags": [
					"twitter"
				],
				"defaultCode": 61593,
				"grid": 14
			},
			"attrs": [],
			"properties": {
				"name": "twitter",
				"id": 144,
				"order": 4,
				"prevSize": 28,
				"code": 61593
			},
			"setIdx": 0,
			"setId": 2,
			"iconIdx": 144
		},
		{
			"icon": {
				"paths": [
					"M438.857 73.143q119.429 0 220.286 58.857t159.714 159.714 58.857 220.286q0 143.429-83.714 258t-216.286 158.571q-15.429 2.857-22.857-4t-7.429-17.143q0-1.714 0.286-43.714t0.286-76.857q0-55.429-29.714-81.143 32.571-3.429 58.571-10.286t53.714-22.286 46.286-38 30.286-60 11.714-86q0-68-45.143-117.714 21.143-52-4.571-116.571-16-5.143-46.286 6.286t-52.571 25.143l-21.714 13.714q-53.143-14.857-109.714-14.857t-109.714 14.857q-9.143-6.286-24.286-15.429t-47.714-22-48.571-7.714q-25.714 64.571-4.571 116.571-45.143 49.714-45.143 117.714 0 48.571 11.714 85.714t30 60 46 38.286 53.714 22.286 58.571 10.286q-22.286 20.571-28 58.857-12 5.714-25.714 8.571t-32.571 2.857-37.429-12.286-31.714-35.714q-10.857-18.286-27.714-29.714t-28.286-13.714l-11.429-1.714q-12 0-16.571 2.571t-2.857 6.571 5.143 8 7.429 6.857l4 2.857q12.571 5.714 24.857 21.714t18 29.143l5.714 13.143q7.429 21.714 25.143 35.143t38.286 17.143 39.714 4 31.714-2l13.143-2.286q0 21.714 0.286 50.571t0.286 31.143q0 10.286-7.429 17.143t-22.857 4q-132.571-44-216.286-158.571t-83.714-258q0-119.429 58.857-220.286t159.714-159.714 220.286-58.857zM166.286 703.429q1.714-4-4-6.857-5.714-1.714-7.429 1.143-1.714 4 4 6.857 5.143 3.429 7.429-1.143zM184 722.857q4-2.857-1.143-9.143-5.714-5.143-9.143-1.714-4 2.857 1.143 9.143 5.714 5.714 9.143 1.714zM201.143 748.571q5.143-4 0-10.857-4.571-7.429-9.714-3.429-5.143 2.857 0 10.286t9.714 4zM225.143 772.571q4.571-4.571-2.286-10.857-6.857-6.857-11.429-1.714-5.143 4.571 2.286 10.857 6.857 6.857 11.429 1.714zM257.714 786.857q1.714-6.286-7.429-9.143-8.571-2.286-10.857 4t7.429 8.571q8.571 3.429 10.857-3.429zM293.714 789.714q0-7.429-9.714-6.286-9.143 0-9.143 6.286 0 7.429 9.714 6.286 9.143 0 9.143-6.286zM326.857 784q-1.143-6.286-10.286-5.143-9.143 1.714-8 8.571t10.286 4.571 8-8z"
				],
				"width": 877.7150573730469,
				"attrs": [],
				"isMulticolor": false,
				"tags": [
					"github"
				],
				"defaultCode": 61595,
				"grid": 14
			},
			"attrs": [],
			"properties": {
				"name": "github",
				"id": 146,
				"order": 3,
				"prevSize": 28,
				"code": 61595
			},
			"setIdx": 0,
			"setId": 2,
			"iconIdx": 146
		},
		{
			"icon": {
				"paths": [
					"M950.857 365.714q30.286 0 51.714 21.429t21.429 51.714-21.429 51.714-51.714 21.429v219.429q0 29.714-21.714 51.429t-51.429 21.714q-238.286-198.286-464-217.143-33.143 10.857-52 37.714t-17.714 57.429 22.857 52.857q-11.429 18.857-13.143 37.429t3.429 33.143 19.143 31.429 27.429 28.571 35.143 28.857q-16.571 33.143-63.714 47.429t-96.286 6.571-75.429-31.714q-4-13.143-16.857-50t-18.286-54-13.143-50.857-8.571-57.714 2-56.286 12.571-63.143h-69.714q-37.714 0-64.571-26.857t-26.857-64.571v-109.714q0-37.714 26.857-64.571t64.571-26.857h274.286q248.571 0 512-219.429 29.714 0 51.429 21.714t21.714 51.429v219.429zM877.714 710.857v-545.143q-225.143 172.571-438.857 196v154.286q215.429 24 438.857 194.857z"
				],
				"width": 1024.0019569396973,
				"attrs": [],
				"isMulticolor": false,
				"tags": [
					"bullhorn"
				],
				"defaultCode": 61601,
				"grid": 14
			},
			"attrs": [],
			"properties": {
				"name": "bullhorn",
				"id": 151,
				"order": 9,
				"prevSize": 28,
				"code": 61601
			},
			"setIdx": 0,
			"setId": 2,
			"iconIdx": 151
		},
		{
			"icon": {
				"paths": [
					"M778.286 814.857v-370.286h-77.143q11.429 36 11.429 74.857 0 72-36.571 132.857t-99.429 96.286-137.143 35.429q-112.571 0-192.571-77.429t-80-187.143q0-38.857 11.429-74.857h-80.571v370.286q0 14.857 10 24.857t24.857 10h610.857q14.286 0 24.571-10t10.286-24.857zM616 510.286q0-70.857-51.714-120.857t-124.857-50q-72.571 0-124.286 50t-51.714 120.857 51.714 120.857 124.286 50q73.143 0 124.857-50t51.714-120.857zM778.286 304.571v-94.286q0-16-11.429-27.714t-28-11.714h-99.429q-16.571 0-28 11.714t-11.429 27.714v94.286q0 16.571 11.429 28t28 11.429h99.429q16.571 0 28-11.429t11.429-28zM877.714 185.714v652.571q0 46.286-33.143 79.429t-79.429 33.143h-652.571q-46.286 0-79.429-33.143t-33.143-79.429v-652.571q0-46.286 33.143-79.429t79.429-33.143h652.571q46.286 0 79.429 33.143t33.143 79.429z"
				],
				"width": 877.7129821777344,
				"attrs": [],
				"isMulticolor": false,
				"tags": [
					"instagram"
				],
				"defaultCode": 61805,
				"grid": 14
			},
			"attrs": [],
			"properties": {
				"name": "instagram",
				"id": 329,
				"order": 5,
				"prevSize": 28,
				"code": 61805
			},
			"setIdx": 0,
			"setId": 2,
			"iconIdx": 329
		},
		{
			"icon": {
				"paths": [
					"M738.286 402.286q0 3.429 5.714 23.429 5.714 16.571 14.286 28.286t23.429 19.429 25.143 11.429 31.429 9.429q185.714 52 185.714 189.714 0 83.429-60.286 138.571t-145.429 55.143q-33.714 0-63.714-10.571t-52.286-26-44-42.571-36-50-30.571-59.143-24.857-58.857-22.571-60.857-20.286-54.286q-18.286-46.286-35.143-76.286t-42-55.143-59.429-36.571-81.143-11.429q-54.857 0-104.571 31.714t-78.857 82.571-29.143 105.714q0 91.429 60.857 159.714t150.571 68.286q101.143 0 147.429-54.286 32-36 47.429-66.286l48 86.857q-8.571 19.429-25.143 40l0.571 0.571q-74.857 86.857-221.714 86.857-84 0-154-45.143t-108.857-118.571-38.857-156.857q0-60 24.857-117.714t66.286-100.857 98.286-69.429 116.857-26.286q49.714 0 90.857 10.857t70.571 28.571 54.286 45.714 41.429 56.571 33.429 66.857 28.857 71.143 28.571 74.571 31.429 72.571q54.857 114.286 133.143 114.286 46.286 0 79.143-27.714t32.857-73.429q0-24-10.857-41.143t-28.857-26.286-41.429-18-48.286-15.429-50-19.429-46.286-29.714-37.143-46.857-22.286-70q-1.714-9.143-1.714-18.857 0-62.857 50-109.714t113.429-44.571q44.571 1.714 68.857 8.286t51.714 30.571h-0.571q6.857 6.286 13.143 14t14.857 20.571 10.857 15.714l-73.714 56.571q-14.857-28-30.857-40v-0.571q-13.143-12-55.429-12-28 0-48 18.857t-20 47.429z"
				],
				"width": 1024.0021667480469,
				"attrs": [],
				"isMulticolor": false,
				"tags": [
					"lastfm"
				],
				"defaultCode": 61954,
				"grid": 14
			},
			"attrs": [],
			"properties": {
				"name": "lastfm",
				"id": 468,
				"order": 7,